{ "color_to_be_detected": ["red","yellow","blue","green","white","black"],
    "range": {
        "red":    [[156, 31, 30], [188, 255, 255]],
        "yellow": [[20, 23, 67], [35, 255, 255]],
        "blue":   [[82, 57, 59], [118, 255, 255]],
        "green":  [[32, 46, 64], [100, 255, 255]],
        "white":  [[0, 0, 202], [179, 6, 255], [0, 6, 162], [179, 17,255]],
        "black":  [[0, 0, 0], [179, 15, 67], [0, 15, 0], [179, 255,110]]
        },
    "threshold": {
        "red":    0.1,
        "yellow": 0.1,
        "blue":   0.13,
        "green":  0.145,
        "white":  0.386,
        "black":  0.589978880644899
        },
    "roi_scale": {
        "red":    7.5,
        "yellow": 7.7,
        "blue":   8.16,
        "green":  6.18,
        "white":  8.32,
        "black":  6.596845967403715
        },
    "filtratio": {
        "red":    0.75,
        "yellow": 0.72,
        "blue":   0.72,
        "green":  0.67,
        "white":  0.58,
        "black":  0.7496507719080265
        }
    }
